hafas-id,name
aare-seeland-mobil,Aare Seeland mobil
aargau-verkehr-ag,Aargau Verkehr AG
abellio-rail-gmbh,Abellio Rail GmbH
abellio-rail-mitteldeutschland-gmbh,Abellio Rail Mitteldeutschland GmbH
abellio-scotrail-service,Abellio ScotRail Service
adler-schiffe,Adler-Schiffe
adliswil-felsenegg,Adliswil-Felsenegg
agilis,agilis
akn-eisenbahn-gmbh,AKN Eisenbahn GmbH
albtal-verkehrs-gesellschaft-mbh,Albtal-Verkehrs-Gesellschaft mbH
alex-die-landerbahn-gmbh-dlb,alex - Die Länderbahn GmbH DLB
alpbus-fournier,Alpbus Fournier
alsa-bustours-gex-s-a-s,Alsa Bustours Gex S.A.S
andermatt-urserntal-tourismus-gmbh,Andermatt-Urserntal Tourismus GmbH
appenzeller-bahnen,Appenzeller Bahnen
arosa-bergbahnen,Arosa Bergbahnen
aroser-verkehrsbetriebe,Aroser Verkehrsbetriebe
arriva-danmark,Arriva Danmark
arriva-nederland,Arriva Nederland
arriva-rp,Arriva RP
arriva-vlaky,ARRIVA vlaky
attica-anek-international,ATTICA ANEK International
attica-hellenic-seaways,ATTICA Hellenic Seaways
aufzug-matte-plattform-bern,Aufzug Matte-Plattform (Bern)
auto-ag-schwyz,Auto AG Schwyz
auto-ag-uri,Auto AG Uri
auto-blt,Auto BLT
auto-leuk-leukerbad,Auto Leuk-Leukerbad
autobetrieb-sernftal,Autobetrieb Sernftal
autobetrieb-weesen-amden,Autobetrieb Weesen-Amden
autobus-ag-liestal,Autobus AG Liestal
autobusbetrieb-freienbach,Autobusbetrieb Freienbach
autokraft,Autokraft
autokurse-oberthurgau,Autokurse Oberthurgau
autolinea-mendrisiense-sa,Autolinea Mendrisiense SA
autolinee-bleniesi,Autolinee Bleniesi
autolinee-regionali-luganesi,Autolinee Regionali Luganesi
automobil-rottal-ag,Automobil Rottal AG
automobiles-cj,Automobiles CJ
autoservici-comazzi-s-r-l,Autoservici Comazzi S.R.L.
autoservizi-silvestri-livigno,Autoservizi Silvestri Livigno
autotransports-de-la-vallee-de-joux,Autotransports de la Vallée de Joux
autotransports-sion-grone-sierre,Autotransports Sion-Grône-Sierre
autoverkehr-frutigen-adelboden,Autoverkehr Frutigen-Adelboden
autoverkehr-grindelwald,Autoverkehr Grindelwald
autozug-sylt,AUTOZUG Sylt
avanti-west-coast,Avanti West Coast
azd-praha-s-r-o,AZD Praha s.r.o.
azienda-trasporti-verona,Azienda Trasporti Verona
bahntouristikexpress,BahnTouristikExpress
baselland-transport,Baselland Transport
basler-verkehrsbetriebe,Basler Verkehrsbetriebe
bayerische-regiobahn,Bayerische Regiobahn
bayerische-zugspitzbahn,Bayerische Zugspitzbahn
bayernbahn-gmbh,BayernBahn GmbH
bdwm-transport,BDWM Transport
bentheimer-eisenbahn,Bentheimer Eisenbahn
berchtesgadener-land-bahn,Berchtesgadener Land Bahn
bergbahnen-beckenried-emmetten,Bergbahnen Beckenried-Emmetten
bergbahnen-destination-gstaad-ag,Bergbahnen Destination Gstaad AG
bergbahnen-engadin-st-moritz-ag,Bergbahnen Engadin St.Moritz AG
bergbahnen-engadin-st-moritz-bernina-diavolezza-lbd,Bergbahnen Engadin St. Moritz Bernina-Diavolezza (lbd)
bergbahnen-meiringen-hasliberg,Bergbahnen Meiringen-Hasliberg
bergbahnen-piz-mundaun-ag,Bergbahnen Piz Mundaun AG
berner-oberland-bahnen,Berner Oberland-Bahnen
bettmeralp-bahnen,Bettmeralp Bahnen
bielersee,Bielersee
blatten-belalp,Blatten-Belalp
blauwnet,Blauwnet
bls-ag,BLS AG
bodensee-oberschwaben-bahn,Bodensee-Oberschwaben-Bahn
bodensee-schiffsbetriebe,Bodensee-Schiffsbetriebe
bos-busverkehr-oder-spree,BOS Busverkehr Oder-Spree
braunwald-standseilbahn,Braunwald-Standseilbahn
bremer-strassenbahn-ag,Bremer Straßenbahn AG
breng,Breng
brienz-rothorn-bahn-ag,Brienz Rothorn Bahn AG
brohltalbahn,Brohltalbahn
bulgarische-staatsbahnen-balgarski-darzavni-zeleznici,Bulgarische Staatsbahnen Balgarski Darzavni Zeleznici
burgerbus-hellsau-hochstetten-willadingen-koppigen,Bürgerbus Hellsau-Höchstetten-Willadingen-Koppigen
bus-commune-sion,Bus commune Sion
bus-nyon-prangins,Bus Nyon-Prangins
bus-ostschweiz-rheintal,Bus Ostschweiz (Rheintal)
bus-ostschweiz-wil,Bus Ostschweiz (Wil)
bus-sierrois,Bus Sierrois
bus-und-service-ag-engadin,Bus und Service AG (Engadin)
bus-urbain-de-martigny,Bus urbain de Martigny
busbetrieb-aarau,Busbetrieb Aarau
busbetrieb-gemeinde-bergun,Busbetrieb Gemeinde Bergün
busbetrieb-grenchen-und-umgebung,Busbetrieb Grenchen und Umgebung
busbetrieb-lichtensteig-wattwil-ebnat-kappel,Busbetrieb Lichtensteig-Wattwil-Ebnat-Kappel
busbetrieb-olten-gosgen-gau,Busbetrieb Olten-Gösgen-Gäu
busbetrieb-rapperswil-eschenbach-ruti-zh,Busbetrieb Rapperswil-Eschenbach-Rüti ZH
busbetrieb-solothurn-und-umgebung,Busbetrieb Solothurn und Umgebung
busbetrieb-wollerau-samstagern,Busbetrieb Wollerau-Samstagern
busland-ag,Busland AG
busverkehr-imfeld,Busverkehr Imfeld
busverkehr-rhein-neckar,Busverkehr Rhein-Neckar
busverkehr-rheinland,Busverkehr Rheinland
c2c,c2c
caledonian-macbrayne-ferries,Caledonian MacBrayne Ferries
caledonian-sleeper,Caledonian Sleeper
cantus-verkehrsgesellschaft,cantus Verkehrsgesellschaft
cardada-impianti-turistici,Cardada Impianti Turistici
cargo-logistik-rail-service-gmbh,Cargo Logistik Rail Service GmbH
cars-rhone-alpes,Cars Rhône-Alpes
cassarate-monte-bre,Cassarate-Monte Brè
celeriner-bergbahnen-celerina-saluver,Celeriner Bergbahnen - Celerina-Saluver
celeriner-bergbahnen-punt-muragl-muottas-muragl,Celeriner Bergbahnen - Punt Muragl-Muottas Muragl
centralbahn,Centralbahn
ceske-drahy,Ceske Drahy
cfarym-makedonski-zeleznici,CFARYM Makedonski Zeleznici
cfl,CFL
cgn-sa-compagnie-generale-de-navigation-sur-le-lac-leman,CGN SA Compagnie Générale de Navigation sur le lac Léman
charterzug,Charterzug
chemins-de-fer-du-jura,Chemins de fer du Jura
chiemgauer-lokalbahn,Chiemgauer Lokalbahn
chiemseebahn,Chiemseebahn
chiltern-railways,Chiltern Railways
chur-dreibundenstein,Chur-Dreibündenstein
city-bahn-chemnitz,City-Bahn Chemnitz
cityairporttrain,CityAirportTrain
coras-iompair-eireann,Córas Iompair Éireann
cp,CP
crosscountry,CrossCountry
crossrail,CrossRail
daadetalbahn,Daadetalbahn
dampfbahn-furka-bergstrecke,Dampfbahn Furka-Bergstrecke
dampfbahn-verein-zurcher-oberland,Dampfbahn-Verein Zürcher Oberland
danische-staatsbahnen,Dänische Staatsbahnen
davos-klosters-bergbahnen,Davos Klosters Bergbahnen
db-arriva,DB Arriva
db-fernverkehr-ag,DB Fernverkehr AG
db-regio-ag-baden-wurttemberg,DB Regio AG Baden-Württemberg
db-regio-ag-bayern,DB Regio AG Bayern
db-regio-ag-mitte,DB Regio AG Mitte
db-regio-ag-mitte-suwex,DB Regio AG Mitte SÜWEX
db-regio-ag-nord,DB Regio AG Nord
db-regio-ag-nordost,DB Regio AG Nordost
db-regio-ag-nrw,DB Regio AG NRW
db-regio-ag-s-bahn-munchen,DB Regio AG S-Bahn München
db-regio-ag-s-bahn-rhein-main,DB Regio AG S-Bahn Rhein-Main
db-regio-ag-s-bahn-stuttgart,DB Regio AG S-Bahn Stuttgart
db-regio-ag-sudost,DB Regio AG Südost
db-regio-ag-zusatzzug,DB Regio AG Zusatzzug
db-regio-bus-mitte,DB Regio Bus Mitte
db-regionetz-verkehrs-gmbh-erzgebirgsbahn,DB RegioNetz Verkehrs GmbH Erzgebirgsbahn
db-regionetz-verkehrs-gmbh-gaubodenbahn,DB RegioNetz Verkehrs GmbH Gäubodenbahn
db-regionetz-verkehrs-gmbh-kurhessenbahn,DB RegioNetz Verkehrs GmbH Kurhessenbahn
db-regionetz-verkehrs-gmbh-oberweissbacher-berg-schwarzatalbahn,DB RegioNetz Verkehrs GmbH Oberweißbacher Berg+Schwarzatalbahn
db-regionetz-verkehrs-gmbh-sudostbayernbahn,DB RegioNetz Verkehrs GmbH Südostbayernbahn
db-regionetz-verkehrs-gmbh-westfrankenbahn,DB RegioNetz Verkehrs GmbH Westfrankenbahn
db-sbb-ti,DB/SBB/TI
db-zugbus-regionalverkehr-alb-bodensee,DB ZugBus Regionalverkehr Alb-Bodensee
db-zugbus-regionalverkehr-alb-bodensee-gmbh,DB ZugBus Regionalverkehr Alb-Bodensee GmbH
delmenhorst-harpstedter-eisenbahnfreunde-e-v,Delmenhorst-Harpstedter Eisenbahnfreunde e.V
dessau-worlitzer-eisenbahn,Dessau-Wörlitzer Eisenbahn
die-landerbahn-gmbh-dlb,Die Länderbahn GmbH DLB
distribus,DistriBus
dithmarschenbus-db-regio-bus-nord-gmbh,Dithmarschenbus (DB Regio Bus Nord GmbH)
dolderbahn-betriebs-ag,Dolderbahn Betriebs AG
dopravni-podnik-hl-m-prahy,Dopravní podnik hl. m. Prahy
drahtseilbahn-marzili-bundesterrasse-bern,Drahtseilbahn Marzili-Bundesterrasse (Bern)
dsb-s-tog,DSB S-tog
east-coast-trains,East Coast Trains
east-coast-virgin,East Coast (Virgin)
east-midland,East Midland
edzards-reisen,Edzards-Reisen
elektrobus-zermatt,Elektrobus Zermatt
engelberg-trubsee-titlis,Engelberg-Trübsee-Titlis
enno,enno
erfurter-bahn-gmbh,Erfurter Bahn GmbH
erixx,erixx
erlenbach-stockhorn,Erlenbach-Stockhorn
eurobahn,eurobahn
european-sleeper,European Sleeper
eurostar,EUROSTAR
evb-elbe-weser-gmbh,EVB ELBE-WESER GmbH
fahre-horgen-meilen,Fähre Horgen-Meilen
ferrovia-monte-generoso,Ferrovia Monte Generoso
ferrovie-autolinee-regionali-ticinesi,Ferrovie Autolinee Regionali Ticinesi
first-great-western,First Great Western
flixtrain,FlixTrain
forchbahn,Forchbahn
frauenfeld-wil,Frauenfeld-Wil
freiberger-eisenbahngesellschaft,Freiberger Eisenbahngesellschaft
friedrich-muller-omnibusunternehmen-gmbh,Friedrich Müller Omnibusunternehmen GmbH
funiculaire-neuchatel-universite-neuchatel-gare,Funiculaire Neuchâtel-Université - Neuchâtel-Gare
funiculaire-saint-imier-mont-soleil-sa,Funiculaire Saint-Imier-Mont-Soleil SA
gatwick-express-service,Gatwick Express Service
glaris-rinerhorn,Glaris-Rinerhorn
goahead-arverio-baden-wurttemberg,GoAhead - Arverio Baden-Württemberg
goahead-arverio-bayern,GoAhead - Arverio Bayern
go-ahead-norge,Go Ahead Norge
gondelbahn-kandersteg-oeschinensee,Gondelbahn Kandersteg-Oeschinensee
gornergratbahn,Gornergratbahn
grand-central,Grand Central
great-northern,Great Northern
greater-anglia,Greater Anglia
greifensee,Greifensee
grindelwald-bus-ag,Grindelwald Bus AG
grindelwald-first,Grindelwald-First
grindelwald-grund-mannlichen,Grindelwald Grund-Männlichen
gstaad-3000-ag,Gstaad 3000 AG
gurtenbahn,Gurtenbahn
gw-train-regio,GW Train Regio
gysev,GySEV
hallwilersee,Hallwilersee
hanekamp-busreisen-gmbh,Hanekamp Busreisen GmbH
hanseatische-eisenbahn-gmbh,Hanseatische Eisenbahn GmbH
harderbahn,Harderbahn
harzer-schmalspurbahn,Harzer Schmalspurbahn
heathrow-express,Heathrow Express
hellenic-train,Hellenic Train
hessische-landesbahn,Hessische Landesbahn
hetzler-pfadt,Hetzler & Pfadt
hlb-hessenbahn-gmbh,HLB Hessenbahn GmbH
hohenzollerische-landesbahn-sweg,Hohenzollerische Landesbahn (SWEG)
hull-trains,Hull Trains
hzpp,HZPP
ilztalbahn,Ilztalbahn
interlaken-heimwehfluh,Interlaken-Heimwehfluh
island-line,Island Line
jindrichohradecke-mistni-drahy-a-s,Jindrichohradecké místní dráhy, a.s.
jonkopings-lanstrafik,Jönköpings Länstrafik
jungfraubahn,Jungfraubahn
k-c-doprava-s-r-o,KC Doprava s.r.o.
kaisereggbahnen-schwarzsee-ag,Kaisereggbahnen Schwarzsee AG
kandersteg-stock,Kandersteg-Stock
kandertalbahn,Kandertalbahn
kasbachtalbahn,Kasbachtalbahn
koleje-dolnoslaskie,Koleje Dolnoslaskie
koleje-malopolskie,Koleje Malopolskie
koleje-mazowieckie,Koleje Mazowieckie
koleje-slaskie,Koleje Slaskie
koleje-wielkopolskie,Koleje Wielkopolskie
koln-dusseldorfer-deutsche-rheinschifffahrt-gmbh,Köln-Düsseldorfer Deutsche Rheinschifffahrt GmbH
kreisbahn-mansfelder-land,Kreisbahn Mansfelder Land
kzc-doprava-s-r-o,KZC Doprava s.r.o.
lacs-de-neuchatel-et-morat,Lacs de Neuchâtel et Morat
lago-di-lugano,Lago di Lugano
lauchernalp-bergbahnen-ag,Lauchernalp Bergbahnen AG
lausanne-echallens-bercher,Lausanne-Echallens-Bercher
lauterbrunnen-murren,Lauterbrunnen-Mürren
leo-express,LEO Express
leo-express-tenders-s-r-o,Leo Express Tenders s.r.o
leukerbad-gemmipass,Leukerbad-Gemmipass
lex,LEX
lietuvos-gelezinkeliai,Lietuvos gelezinkeliai
linz-linien-ag-strassenbahn-stadt-linz,Linz Linien AG (Straßenbahn Stadt Linz)
locarno-madonna-del-sasso,Locarno-Madonna del Sasso
lodzka-kolej-aglomeracyjna,Lódzka Kolej Aglomeracyjna
london-midland,London Midland
london-overground,London Overground
london-underground,London Underground
luftseilbahn-attinghausen-brusti-ag,Luftseilbahn Attinghausen-Brüsti AG
luftseilbahn-fluelen-eggbergen,Luftseilbahn Flüelen-Eggbergen
luftseilbahn-grachen-hannigalp,Luftseilbahn Grächen-Hannigalp
luftseilbahn-kalpetran-embd,Luftseilbahn Kalpetran-Embd
luftseilbahn-kandersteg-allmenalp,Luftseilbahn Kandersteg-Allmenalp
luftseilbahn-krabel-rigi-scheidegg-ag,Luftseilbahn Kräbel-Rigi Scheidegg AG
luftseilbahn-obergschwend-rigi-burggeist-ag,Luftseilbahn Obergschwend-Rigi-Burggeist AG
luftseilbahn-schattdorf-haldi,Luftseilbahn Schattdorf-Haldi
luftseilbahn-unterterzen-flumserberg-ag,Luftseilbahn Unterterzen-Flumserberg AG
luftseilbahnen-samnaun,Luftseilbahnen Samnaun
lugano-monte-san-salvatore,Lugano-Monte San Salvatore
lugano-ponte-tresa,Lugano-Ponte Tresa
mainschleifenbahn,Mainschleifenbahn
malardalstrafik-malab-ab,Mälardalstrafik MÄLAB AB
marbach-marbachegg,Marbach-Marbachegg
matterhorn-gotthard-bahn-bvz,Matterhorn Gotthard Bahn (bvz)
matterhorn-gotthard-bahn-fo,Matterhorn Gotthard Bahn (fo)
mav,MAV
mbm-rail-s-r-o,MBM rail s.r.o.
mecklenburgische-baderbahn-molli,Mecklenburgische Bäderbahn Molli
meiringen-innertkirchen-bahn,Meiringen-Innertkirchen-Bahn
merseyrail-service,Merseyrail Service
metronom,metronom
metroselskabet,Metroselskabet
midttrafik,Midttrafik
mitteldeutsche-regiobahn,Mitteldeutsche Regiobahn
mittelrheinbahn-trans-regio,MittelrheinBahn (Trans Regio)
mnv-mittelhaardt-nahverkehrsgesellschaft,MNV Mittelhaardt Nahverkehrsgesellschaft
mobiel-gmbh,moBiel GmbH
montafoner-bahn,Montafoner Bahn
montreux-oberland-bernois,Montreux-Oberland Bernois
montreux-vevey-riviera,Montreux-Vevey-Riviera
morschach-stoos,Morschach-Stoos
movia-bus,Movia Bus
movia-lokalbanen,Movia Lokalbanen
msm-partyzug,MSM Partyzug
muhleggbahn-ag,Mühleggbahn AG
muhleggbahn-ag-st-gallen,Mühleggbahn AG St. Gallen
nachtexpress,NachtExpress
national-express,National Express
navigation-lac-des-brenets,Navigation Lac des Brenets
neb-niederbarnimer-eisenbahn,NEB Niederbarnimer Eisenbahn
nederlandse-spoorwegen,Nederlandse Spoorwegen
nexus-tyne-wear-metro,Nexus (Tyne&Wear Metro)
niederhornbahn-ag,Niederhornbahn AG
niesenbahn,Niesenbahn
no-verkehrsorganisations-ges-m-b-h,NÖ Verkehrsorganisations-ges.m.b.H.
nordbahn,Nordbahn Eisenbahngesellschaft
norddeutsche-eisenbahn-gesellschaft,Norddeutsche Eisenbahn Gesellschaft
nordjyske-jernbaner,Nordjyske Jernbaner
nordwestbahn,NordWestBahn
northern,Northern
nyon-st-cergue-morez,Nyon-St-Cergue-Morez
obb-postbus,ÖBB-Postbus
oberpfalz-express-die-landerbahn-gmbh-dlb,oberpfalz-express - Die Länderbahn GmbH DLB
oberpfalzbahn-die-landerbahn-gmbh-dlb,oberpfalzbahn - Die Länderbahn GmbH DLB
ochsle-bahn-betriebsgesellschaft-mbh,Öchsle-Bahn-Betriebsgesellschaft mbH
odense-letbane,Odense Letbane
oresundstag,Öresundståg
orn-omnibusverkehr-rhein-nahe-gmbh-rhein-nahe-bus,ORN Omnibusverkehr Rhein-Nahe GmbH (Rhein-Nahe-Bus)
ortsbus-der-gemeinde-silvaplana-gemeinde-silvaplana,Ortsbus der Gemeinde Silvaplana / Gemeinde Silvaplana
ortsbus-st-moritz,Ortsbus St. Moritz
ostdeutsche-eisenbahn-gmbh,Ostdeutsche Eisenbahn GmbH
osterreichische-bundesbahnen,Österreichische Bundesbahnen
ouigo-espana,OUIGO España
palatinabus,PalatinaBus
pilatusbahnen,Pilatusbahnen
pkp-intercity,PKP Intercity
polonus,Polonus
polregio,Polregio
poly-bahn-zurich,Poly-Bahn Zürich
postauto-schweiz,PostAuto Schweiz
pradaschier-ag-top,Pradaschier AG Top
pressnitztalbahn,Pressnitztalbahn
prodkammbahnen-flumserberg-ag,Prodkammbahnen Flumserberg AG
qnv-queichtal-nahverkehr,QNV Queichtal Nahverkehr
queichtal-nahverkehr,Queichtal Nahverkehr
r-net,R-net
railway-capital-as,Railway Capital as
regiobahn,REGIOBAHN
regiobus-gossau-sg,Regiobus Gossau SG
regiobus-stuttgart,Regiobus Stuttgart
regiojet,RegioJet
regionalbus-braunschweig-gmbh,Regionalbus Braunschweig GmbH
regionalbus-lenzburg,Regionalbus Lenzburg
regionale-offentliche-bahn-der-stadt-pfullendorf,Regionale öffentliche Bahn der Stadt Pfullendorf
regionale-verkehrsbetriebe-baden-wettingen,Regionale Verkehrsbetriebe Baden-Wettingen
regionale-verkehrsbetriebe-schaffhausen,Regionale Verkehrsbetriebe Schaffhausen
regionalps,Regionalps
regionalps-bus,RegionAlps Bus
regionalverkehr-alb-bodensee,Regionalverkehr Alb-Bodensee
regionalverkehr-bern-solothurn,Regionalverkehr Bern-Solothurn
regionalverkehr-euregio-maas-rhein,Regionalverkehr Euregio Maas-Rhein
regionalverkehr-oberbayern,Regionalverkehr Oberbayern
regionalverkehre-start-deutschland-gmbh,Regionalverkehre Start Deutschland GmbH
regionalverkehre-start-deutschland-gmbh-start-niedersachsen-mitte,Regionalverkehre Start Deutschland GmbH (Start Niedersachsen-Mitte)
regionalverkehre-start-deutschland-gmbh-start-taunus,Regionalverkehre Start Deutschland GmbH (Start Taunus)
regionalverkehre-start-deutschland-gmbh-start-unterelbe,Regionalverkehre Start Deutschland GmbH (Start Unterelbe)
regiotram,RegioTram
reichenbachfall-bahn,Reichenbachfall-Bahn
reigoldswil-wasserfallen,Reigoldswil-Wasserfallen
remontees-mec-du-wildhorn-anzere,Remontées Méc. du Wildhorn Anzére
remontees-mecaniques-crans-montana-aminona,Remontées Mécaniques Crans-Montana-Aminona
renfe,RENFE
reseau-lihsa,Réseau Lihsa
rhatische-bahn,Rhätische Bahn
rhein-mosel-bus-ahrweiler,Rhein-Mosel-Bus Ahrweiler
rhein-neckar-verkehr-gmbh,Rhein-Neckar-Verkehr GmbH
rhein-neckar-verkehr-gmbh-oberrheinische-eisenbahn,Rhein-Neckar-Verkehr GmbH (Oberrheinische Eisenbahn)
rhein-neckar-verkehr-gmbh-rhein-haardtbahn,Rhein-Neckar-Verkehr GmbH (Rhein-Haardtbahn)
rhein-ruhr-bahn-transdev,Rhein-Ruhr-Bahn (Transdev)
rheinpfalzbus,Rheinpfalzbus
rheinruhrbahn-transdev,RheinRuhrBahn (Transdev)
rhenus-veniro,Rhenus Veniro
rigi-bahnen,Rigi-Bahnen
rmb-rhein-mosel-bus,RMB Rhein-Mosel-Bus
rosswald-bahnen-ag,Rosswald Bahnen AG
rumanische-eisenbahnen-caile-ferate-romane,Rumänische Eisenbahnen Caile Ferate Romane
rurtalbahn,Rurtalbahn
s-bahn-berlin,S-Bahn Berlin
s-bahn-hamburg,S-Bahn Hamburg
s-bahn-hannover-transdev,S-Bahn Hannover (Transdev)
saarbahn,Saarbahn
sachsisch-oberlausitzer-eisenbahngesellschaft,Sächsisch-Oberlausitzer Eisenbahngesellschaft
salzburger-lokalbahnen,Salzburger Lokalbahnen
savognin-bergbahnen-ag,Savognin-Bergbahnen AG
sbb,SBB
sbb-gmbh,SBB GmbH
scandlines,Scandlines
schiff-eglisau-tossegg,Schiff Eglisau-Tössegg
schiffsbetrieb-walensee,Schiffsbetrieb Walensee
schilthornbahn-sbm,Schilthornbahn (sbm)
schwabische-alb-bahn,Schwäbische Alb-Bahn
schwagalp-santis,Schwägalp-Säntis
schweizerische-bodensee-schiffahrtsgesellschaft,Schweizerische Bodensee-Schiffahrtsgesellschaft
schweizerische-sudostbahn-sob,Schweizerische Südostbahn (sob)
scuol-ftan-sent,Scuol-Ftan-Sent
sdg-sachsische-dampfeisenbahngesellschaft-mbh,SDG Sächsische Dampfeisenbahngesellschaft mbH
serbische-eisenbahnen-zeleznice-srbije,Serbische Eisenbahnen Zeleznice Srbije
sesselbahn-wildhaus-gamplut,Sesselbahn Wildhaus-Gamplüt
sev-baden-wurttemberg,SEV Baden-Württemberg
sibra,SIBRA
sierre-montana-crans,Sierre-Montana-Crans
sihltal-zurich-uetliberg-bahn,Sihltal-Zürich-Uetliberg-Bahn
sj,SJ
skanetrafiken,Skånetrafiken
skanetrafiken-oresundstag,Skånetrafiken Öresundståg
slovenske-zeleznice,Slovenske zeleznice
snalltaget,Snälltåget
snb-spree-neisse-busverkehr,SNB Spree-Neiße-Busverkehr
sncb,SNCB
sncf,SNCF
sncf-voyages-deutschland,SNCF Voyages Deutschland
societe-cooperative-du-chemin-de-fer-musee-blonay-chamby,Société coopérative du Chemin de fer - Musée Blonay-Chamby
societe-des-mouettes-genevoises-navigation,Société des Mouettes Genevoises Navigation
south-eastern,South Eastern
south-west-trains-service,South West Trains Service
southern,Southern
sportbahnen-bergun,Sportbahnen Bergün
sportbahnen-davos,Sportbahnen Davos
sportbahnen-melchsee-frutt,Sportbahnen Melchsee-Frutt
stadtbus-chur,Stadtbus Chur
stadtbus-frauenfeld,Stadtbus Frauenfeld
stadtbus-winterthur,Stadtbus Winterthur
stadtische-verkehrsbetriebe-bern,Städtische Verkehrsbetriebe Bern
stadtwerke-bonn,Stadtwerke Bonn
stalden-gspon,Stalden-Gspon
standseilbahn-schwyz-stoos-ag,Standseilbahn Schwyz-Stoos AG
stanserhornbahn,Stanserhornbahn
stechelberg-murren-schilthorn-lsms,Stechelberg-Mürren-Schilthorn (lsms)
steiermarkbahn-und-bus-gmbh,Steiermarkbahn und Bus GmbH
stern-hafferl-verkehrs-gmbh,Stern & Hafferl Verkehrs-GmbH
stockholm-transport,Stockholm Transport
stoosbahnen-ag,Stoosbahnen AG
sud-thuringen-bahn-gmbh,Süd-Thüringen-Bahn GmbH
sudbadenbus,Südbadenbus
sudtiroler-transportstrukturen-ag,Südtiroler Transportstrukturen AG
sudwestbus,Südwestbus
sudwestdeutsche-landesverkehrs-ag,Südwestdeutsche Landesverkehrs-AG
sudwestdeutsche-landesverkehrs-gmbh,Südwestdeutsche Landesverkehrs-GmbH
surlej-silvaplana-corvatsch,Surlej-Silvaplana-Corvatsch
svg-schienenverkehrsgesellschaft-stuttgart,SVG Schienenverkehrsgesellschaft Stuttgart
sweg-bahn-stuttgart-gmbh,SWEG Bahn Stuttgart GmbH
sweg-bahn-stuttgart-gmbh-ehem-abellio-bw,SWEG Bahn Stuttgart GmbH (ehem. Abellio BW)
sweg-sudwestdeutsche-landesverkehrs-gmbh,SWEG Südwestdeutsche Landesverkehrs-GmbH
sylt-shuttle-plus,Sylt Shuttle Plus
sylter-verkehrsgesellschaft,Sylter Verkehrsgesellschaft
szybka-kolej-miejska-w-trojmiescie,Szybka Kolej Miejska w Trójmiescie
szybka-kolej-miejska-w-warszawie,Szybka Kolej Miejska w Warszawie
tagkompaniet,Tågkompaniet
tcdd-turkiye-cumhuriyeti-devlet-demiryollari,TCDD Türkiye Cumhuriyeti Devlet Demiryollari
tele-champery-crosets-portes-du-soleil-sa,Télé Champéry - Crosets Portes du Soleil SA
tele-villars-gryon,Télé-Villars-Gryon
telesiege-buttes-la-robella,Télésiège Buttes-La Robella
telesiege-ovronnaz-jorasse,Télésiège Ovronnaz-Jorasse
televerbier,Téléverbier
thalys,THALYS
thameslink,Thameslink
thurbo,THURBO
touristik-eisenbahn-luneburger-heide-gmbh,Touristik-Eisenbahn Lüneburger Heide GmbH
transpennine-express,TransPennine Express
transport-publics-de-la-region-lausannoise,Transport publics de la Région Lausannoise
transports-de-la-region-morges-biere-cossonay,Transports de la région Morges-Bière-Cossonay
transports-de-martigny-et-regions-mc,Transports de Martigny et Régions (mc)
transports-publics-de-l-agglomeration-d-annemasse,Transports Publics de l agglomération d Annemasse
transports-publics-de-la-region-nyonnaise,Transports Publics de la Région Nyonnaise
transports-publics-du-chablais,Transports Publics du Chablais
transports-publics-fribourgeois,Transports publics fribourgeois
transports-publics-genevois,Transports Publics Genevois
transports-publics-neuchatelois-sa,Transports Publics Neuchâtelois SA
transports-publics-vevey-montreux-chillon-villeneuve,Transports publics Vevey-Montreux-Chillon-Villeneuve
transports-vallee-de-joux-yverdon-ste-croix,Transports Vallée de Joux-Yverdon-Ste-Croix
trasporti-pubblici-luganesi,Trasporti Pubblici Luganesi
treib-seelisberg-bahn,Treib-Seelisberg-Bahn
trenitalia,Trenitalia
trenord,TRENORD
tri-train-rental-gmbh,TRI Train Rental GmbH
trilex-die-landerbahn-gmbh-dlb,trilex  - Die Länderbahn GmbH DLB
trilex-express-die-landerbahn-gmbh-dlb,trilex-express - Die Länderbahn GmbH DLB
uef-eisenbahn-verkehrsgesellschaft-mbh,UEF Eisenbahn-Verkehrsgesellschaft mbH
untersee-und-rhein,Untersee und Rhein
urlaubs-express,Urlaubs-Express
usedomer-baderbahn,Usedomer Bäderbahn
ustra-hannoversche-verkehrsbetriebe-ag,üstra Hannoversche Verkehrsbetriebe AG
valleilijn,Valleilijn
verein-dampfbahn-bern,Verein Dampfbahn Bern
verein-sachsischer-eisenbahnfreunde,Verein Sächsischer Eisenbahnfreunde
verkehrsbetrieb-der-landschaft-davos,Verkehrsbetrieb der Landschaft Davos
verkehrsbetrieb-liechtensteinmobil,Verkehrsbetrieb LIECHTENSTEINmobil
verkehrsbetriebe-der-stadt-biel,Verkehrsbetriebe der Stadt Biel
verkehrsbetriebe-der-stadt-st-gallen,Verkehrsbetriebe der Stadt St.Gallen
verkehrsbetriebe-glattal,Verkehrsbetriebe Glattal
verkehrsbetriebe-herisau,Verkehrsbetriebe Herisau
verkehrsbetriebe-kreuzlingen,Verkehrsbetriebe Kreuzlingen
verkehrsbetriebe-luzern,Verkehrsbetriebe Luzern
verkehrsbetriebe-schaffhausen,Verkehrsbetriebe Schaffhausen
verkehrsbetriebe-sti-ag,Verkehrsbetriebe STI AG
verkehrsbetriebe-zurich,Verkehrsbetriebe Zürich
verkehrsbetriebe-zurichsee-und-oberland,Verkehrsbetriebe Zürichsee und Oberland
verkehrsgesellschaft-mbh-untermain,Verkehrsgesellschaft mbH Untermain
vias-gmbh,VIAS GmbH
vias-rail-gmbh,VIAS Rail GmbH
vierwaldstattersee,Vierwaldstättersee
viking-line,Viking Line
vinschgaubahn,Vinschgaubahn
vlexx,vlexx
vogtlandbahn-die-landerbahn-gmbh-dlb,vogtlandbahn - Die Länderbahn GmbH DLB
vr,VR
vy,Vy
vy-tag,Vy Tåg
waldbahn-die-landerbahn-gmbh-dlb,waldbahn - Die Länderbahn GmbH DLB
waldenburgerbahn,Waldenburgerbahn
wales-borders,Wales & Borders
wanderbahn-im-regental,Wanderbahn im Regental
warszawska-kolej-dojazdowa,Warszawska Kolej Dojazdowa
wasserauen-ebenalp,Wasserauen-Ebenalp
weisse-arena-bergbahnen-ag,Weisse Arena Bergbahnen AG
wengen-mannlichen,Wengen-Männlichen
wengernalpbahn,Wengernalpbahn
wengernalpbahn-grindelwald-grund-eigergletscher,Wengernalpbahn Grindelwald Grund - Eigergletscher
weser-ems-bus,Weser-Ems-Bus
westbahn,WESTbahn
westfalenbahn,WestfalenBahn
westfalenbus,Westfalenbus
wiener-linien,Wiener Linien
wurttembergische-eisenbahn-gesellschaft-mbh,Württembergische Eisenbahn-Gesellschaft mbH
wutachtalbahn,Wutachtalbahn
wyker-dampfschiffs-reederei-fohr-amrum-gmbh,Wyker Dampfschiffs-Reederei Föhr-Amrum GmbH
wynental-und-suhrental-bahn,Wynental-und Suhrental-Bahn
zentralbahn,Zentralbahn
zermatt-bergbahnen-ag,Zermatt Bergbahnen AG
zillertalbahn,Zillertalbahn
zpcg-zeljeznicki-prevoz-crne-gore-ad,ZPCG Zeljeznicki prevoz Crne Gore AD
zssk,ZSSK
zugerbergbahn,Zugerbergbahn
zugerland-verkehrsbetriebe,Zugerland Verkehrsbetriebe
zugersee,Zugersee
zurichsee,Zürichsee
zweckverband-fur-den-nahverkehrsraum-leipzig, Zweckverband für den Nahverkehrsraum Leipzig
